CustomerId,FirstName,LastName,Country
1,"Luís","Gonçalves",Brazil
2,Leonie,"Köhler",Germany
3,"François",Tremblay,Canada
4,"Bjørn",Hansen,Norway
5,"František","Wichterlová","Czech Republic"
6,Helena,"Holý","Czech Republic"
7,Astrid,Gruber,Austria
8,Daan,Peeters,Belgium
9,Kara,Nielsen,Denmark
10,Eduardo,Martins,Brazil
11,Alexandre,Rocha,Brazil
12,Roberto,Almeida,Brazil
13,Fernanda,Ramos,Brazil
14,Mark,Philips,Canada
15,Jennifer,Peterson,Canada
29,Robert,Brown,Canada
30,Edward,Francis,Canada
31,Martha,Silk,Canada
32,Aaron,Mitchell,Canada
33,Ellie,Sullivan,Canada
34,"João",Fernandes,Portugal
35,Madalena,Sampaio,Portugal
36,Hannah,Schneider,Germany
37,Fynn,Zimmermann,Germany
38,Niklas,"Schröder",Germany
39,Camille,Bernard,France
40,Dominique,Lefebvre,France
41,Marc,Dubois,France
42,Wyatt,Girard,France
43,Isabelle,Mercier,France
44,Terhi,"Hämäläinen",Finland
45,Ladislav,"Kovács",Hungary
46,Hugh,"O'Reilly",Ireland
47,Lucas,Mancini,Italy
48,Johannes,"Van der Berg",Netherlands
49,"Stanisław","Wójcik",Poland
50,Enrique,"Muñoz",Spain
51,Joakim,Johansson,Sweden
52,Emma,Jones,"United Kingdom"
53,Phil,Hughes,"United Kingdom"
54,Steve,Murray,"United Kingdom"
55,Mark,Taylor,Australia
56,Diego,"Gutiérrez",Argentina
57,Luis,Rojas,Chile
58,Manoj,Pareek,India
59,Puja,Srivastava,India
